Order,Seconds,GFLOPS
ijk,20.055084,0.361393
ikj,2.116447,3.424492
kij,3.049967,2.376340
kji,66.022967,0.109776
jki,66.407588,0.109141
jik,19.174027,0.377999
