Order,Seconds,GFLOPS
ijk,6.272230,1.155531
ikj,1.026673,7.059463
kij,1.465431,4.945821
kji,31.649323,0.229002
jki,31.367484,0.231060
jik,6.000089,1.207942
