Order,Seconds,GFLOPS
ijk,13.666825,0.157131
ikj,5.187772,0.413951
kij,6.432836,0.333832
kji,26.283680,0.081704
jki,22.630580,0.094893
jik,7.683257,0.279502
