Order,Seconds,GFLOPS
ijk,2.296799,0.934990
ikj,0.493105,4.355020
kij,0.684852,3.135692
kji,14.999745,0.143168
jki,15.045411,0.142733
jik,1.687486,1.272594
