Order,Seconds,GFLOPS
ijk,10.511458,0.204299
ikj,4.243100,0.506112
kij,4.621336,0.464689
kji,19.577342,0.109692
jki,21.415771,0.100276
jik,9.172952,0.234110
