Order,Seconds,GFLOPS
ijk,7.598582,0.282616
ikj,4.549784,0.471997
kij,4.575608,0.469333
kji,9.998569,0.214779
jki,9.903976,0.216830
jik,6.184155,0.347256
